Package,Built
acepack,3.4.0
assertthat,3.4.0
backports,3.4.3
base,3.4.3
base64enc,3.4.0
BH,3.4.1
bindr,3.4.0
bindrcpp,3.4.0
bit,3.4.0
bitops,3.4.0
Boom,3.4.0
BoomSpikeSlab,3.4.0
boot,3.4.3
broom,3.4.3
bsts,3.4.0
callr,3.4.0
caret,3.4.3
caTools,3.4.0
CausalImpact,3.4.1
cellranger,3.4.0
CHAID,3.4.1
checkmate,3.4.2
chron,3.4.3
class,3.4.3
cli,3.4.2
clipr,3.4.2
clisymbols,3.4.0
cluster,3.4.3
codetools,3.4.3
colorspace,3.4.0
compiler,3.4.3
covr,3.4.2
crayon,3.4.1
crosstalk,3.4.0
curl,3.4.3
CVST,3.4.0
data.table,3.4.2
datasets,3.4.3
DBI,3.4.0
dbplyr,3.4.3
ddalpha,3.4.2
DEoptimR,3.4.0
desc,3.4.1
dichromat,3.4.0
digest,3.4.3
dimRed,3.4.0
dplyr,3.4.2
DRR,3.4.3
DT,3.4.3
dtplyr,3.4.0
dygraphs,3.4.0
e1071,3.4.0
enc,3.4.2
evaluate,3.4.1
fastmatch,3.4.0
ff,3.4.0
ffbase,3.4.0
forcats,3.4.0
foreach,3.4.3
foreign,3.4.3
Formula,3.4.1
fs,3.4.3
fuzzyjoin,3.4.1
geosphere,3.4.2
GGally,3.4.1
ggforce,3.4.0
ggplot2,3.4.0
ggraph,3.4.3
ggrepel,3.4.2
gh,3.4.1
git2r,3.4.3
glue,3.4.2
gower,3.4.0
graphics,3.4.3
grDevices,3.4.3
grid,3.4.3
gridExtra,3.4.1
gtable,3.4.0
haven,3.4.3
here,3.4.0
hexbin,3.4.3
highr,3.4.0
Hmisc,3.4.3
hms,3.4.3
htmlTable,3.4.3
htmltools,3.4.0
htmlwidgets,3.4.3
httpuv,3.4.1
httr,3.4.1
igraph,3.4.1
ini,3.4.2
inum,3.4.3
ipred,3.4.0
irlba,3.4.3
iterators,3.4.3
jsonlite,3.4.0
kernlab,3.4.0
KernSmooth,3.4.3
knitr,3.4.3
labeling,3.4.0
lattice,3.4.3
latticeExtra,3.4.0
lava,3.4.3
lazyeval,3.4.2
libcoin,3.4.3
lubridate,3.4.2
magick,3.4.3
magrittr,3.4.0
markdown,3.4.0
MASS,3.4.3
Matrix,3.4.3
MatrixModels,3.4.0
measurements,3.4.0
methods,3.4.3
mgcv,3.4.3
mice,3.4.2
mime,3.4.0
mnormt,3.4.0
ModelMetrics,3.4.0
modelr,3.4.1
multcomp,3.4.2
munsell,3.4.0
mvtnorm,3.4.3
networkD3,3.4.0
nlme,3.4.3
nnet,3.4.3
numDeriv,3.4.0
openssl,3.4.2
openxlsx,3.4.0
parallel,3.4.3
partykit,3.4.3
pillar,3.4.3
pkgconfig,3.4.0
plogr,3.4.0
plotly,3.4.1
plyr,3.4.0
polspline,3.4.0
praise,3.4.0
prettyunits,3.4.0
prodlim,3.4.0
progress,3.4.0
psych,3.4.3
purrr,3.4.2
quantreg,3.4.2
R6,3.4.0
randomForest,3.4.0
randomForestExplainer,3.4.1
RColorBrewer,3.4.0
Rcpp,3.4.3
RcppRoll,3.4.0
RCurl,3.4.3
readr,3.4.0
readxl,3.4.0
recipes,3.4.3
reinstallr,3.4.0
rematch,3.4.0
rematch2,3.4.1
reprex,3.4.3
reshape,3.4.1
reshape2,3.4.3
rex,3.4.2
rJava,3.4.2
RJDBC,3.4.3
RJSONIO,3.4.0
rlang,3.4.3
rmarkdown,3.4.2
rms,3.4.3
robustbase,3.4.2
RODBC,3.4.0
rpart,3.4.3
rprojroot,3.4.3
RSclient,3.4.0
Rserve,3.4.0
rstudioapi,3.4.1
rvest,3.4.0
RWeka,3.4.3
RWekajars,3.4.3
sandwich,3.4.1
scales,3.4.1
selectr,3.4.0
sfsmisc,3.4.0
shiny,3.4.1
sourcetools,3.4.0
sp,3.4.3
SparseM,3.4.0
spatial,3.4.3
splines,3.4.3
SQUAREM,3.4.2
ssh.utils,3.4.0
stats,3.4.3
stats4,3.4.3
stringdist,3.4.1
stringi,3.4.2
stringr,3.4.0
styler,3.4.3
survival,3.4.3
tables,3.4.2
tcltk,3.4.3
testthat,3.4.3
TH.data,3.4.0
tibble,3.4.3
tidyr,3.4.2
tidyselect,3.4.2
tidyverse,3.4.2
timeDate,3.4.2
tools,3.4.3
tweenr,3.4.0
udunits2,3.4.0
units,3.4.3
usethis,3.4.3
utf8,3.4.3
utils,3.4.3
viridis,3.4.3
viridisLite,3.4.0
visreg,3.4.1
WDI,3.4.0
whisker,3.4.0
withr,3.4.3
xml2,3.4.3
xtable,3.4.0
xts,3.4.3
yaml,3.4.3
zoo,3.4.3
